{
  "blue_led_rois": {
    "side": [589, 603, 935, 950],
    "top": [454, 468, 23, 36],
    "front": [1844, 1860, 971, 998]
  },
  "crop_limits": {
    "side": [570, 1696, 280, 1050],
    "top": [340, 1530, 0, 1084],
    "front": [540, 1900, 180, 1084]
  },
  "yellow_led_roi_areas": {
    "side": [550, 650, 900, 1000],
    "top": [400, 500, 0, 100],
    "front": [1800, 1900, 900, 1050]
  },
  "yellow_led_rois": {
    "side": [591, 606, 921, 935],
    "top": [469, 483, 22, 37],
    "front": [1823, 1844, 973, 997]
  },
  "blue_led_roi_areas": {
    "side": [550, 650, 900, 1000],
    "top": [400, 500, 0, 100],
    "front": [1800, 1900, 900, 1050]
  },
  "origins": {
    "front": [871.0961121122679, 297.6490879034347], "side": [1032.1240907040892, 454.8563627127371], "top": [812.7183577530407, 1048.0281665139098]
  },
  "table_corners": {
    "front": [[463.22897577153685, 346.49904981756123], [1284.3592498706685, 330.0059405771193], [1556.1851280192352, 930.381080257651], [191.4154054012351, 926.6708700812001]], "side": [[933.3831837787186, 232.22239827608962], [1097.6594842490342, 874.4406256991861], [71.62961833504248, 775.3993338677625], [290.3013600850514, 189.02972722949173]], "top": [[1311.7203625228558, 1036.847128161128], [306.6789110914791, 964.9261181558056], [319.6918125028616, 10.65431752893187], [1445.7968929886001, 111.39570462926935]]
  },
  "tocchini": {
    "front": [[639.1588541655165, 422.94801115125614], [736.6462231311091, 464.8706126052573], [871.6302759286541, 480.5766168067944], [1006.7976194671547, 461.89637325078775], [1106.131872736251, 414.79973156661134], [351.87907068048315, 779.3678543836434], [716.3909583382691, 778.9446477621863], [868.2116930204727, 777.7332129585606], [1020.822293802104, 778.0866911023946], [1393.1871055645984, 774.6112802649108]], "side": [[806.0201532563949, 324.4014614740134], [737.700831920633, 377.83934647921325], [714.3640340386155, 454.1067076733433], [747.6781585513509, 547.9612208945011], [846.6058887033822, 640.2937690363972], [387.7059306702364, 224.30745511865138], [352.6352115057905, 359.44923037139097], [335.1906732435973, 424.7761321480486], [314.8372758683624, 499.4867404896764], [255.1192046238409, 721.4993566431713]], "top": [[1095.42480273327, 842.4472788466906], [984.5779442682425, 746.8285830461876], [838.6708973430307, 703.6230982770714], [684.6185541088869, 723.1009807549517], [559.9601062504535, 802.7832272553708], [1340.7761866255005, 278.40487566883394], [1011.4842540273798, 251.32069663072184], [874.1922059268068, 239.4262030642297], [738.7747564550143, 228.86609599528845], [401.2858577188498, 197.87201520487216]]
  }
}