{
  "blue_led_rois": {
    "side": [589, 603, 935, 950],
    "top": [454, 468, 23, 36],
    "front": [1844, 1860, 971, 998]
  },
  "crop_limits": {
    "side": [570, 1696, 280, 1050],
    "top": [340, 1530, 0, 1084],
    "front": [540, 1900, 180, 1084]
  },
  "yellow_led_roi_areas": {
    "side": [550, 650, 900, 1000],
    "top": [400, 500, 0, 100],
    "front": [1800, 1900, 900, 1050]
  },
  "yellow_led_rois": {
    "side": [591, 606, 921, 935],
    "top": [469, 483, 22, 37],
    "front": [1823, 1844, 973, 997]
  },
  "blue_led_roi_areas": {
    "side": [550, 650, 900, 1000],
    "top": [400, 500, 0, 100],
    "front": [1800, 1900, 900, 1050]
  },
  "origins": {
    "front": [660.1838341996947, 141.61583001025494], 
    "side": [963.8349088504094, 339.4693691342049], 
    "top": [563.9857275717693, 1043.2964710450733]
  },
  "table_corners": {
    "front": [[260.31715095190947, 191.72439438907742], [1071.6840638638025, 174.09100559131346], [1330.3263896087599, 758.9484166130383], [17.69975688710515, 746.6053956664467]], 
    "side": [[873.1714396015136, 125.04569379881], [1011.2621216770905, 729.9598539237811], [33.70504733248148, 652.53579556092], [242.93447498302146, 80.89471312407656]], 
    "top": [[1054.3771523322162, 1023.3109831450427], [79.13329573021628, 955.1482849615165], [97.45555432401574, 43.137228225925845], [1170.1217686002408, 131.29613432342623]]
  },
  "tocchini": {
    "front": [[428.920374031483, 266.11715577712835], [526.4224090818699, 309.39433052176236], [660.5228467527576, 324.1159336765842], [795.6996822057304, 305.05595962138784], [895.9715148686531, 257.02614364312257], [158.04217355907485, 614.1809967860321], [507.49145216514245, 618.9042905451879], [657.3711860815897, 619.7870295847805], [809.7490738747101, 619.1815350456717], [1176.8808577226773, 612.8662937862326]],
    "side": [[754.4815258879632, 215.85665389145456], [687.9926739226512, 267.1435806253326], [664.377017021708, 343.0255120745891], [696.4875391540259, 435.1385298571395], [786.5209881646304, 522.6213141878374], [342.41247116444094, 116.71717503226589], [305.54281973303296, 250.47611810943485], [288.68845540576496, 317.0531405000089], [268.7284660365279, 390.0996352661123], [212.41909986709734, 605.1452061521087]],
    "top": [[844.1899506068642, 842.3533511054704], [735.3899288517911, 746.5158840680291], [589.8916941249909, 703.930596772275], [437.2202705441623, 723.9725880791337], [314.20894006624155, 800.5423295787141], [1078.7946481398494, 288.79142060725945], [759.7497407748705, 256.81049234276725], [625.0253274426102, 244.34812518049492], [488.7372437431393, 234.18724291654263], [167.77785674512586, 213.66600955775874]]
  }
}