{
  "blue_led_rois": {
    "side": [589, 603, 935, 950],
    "top": [454, 468, 23, 36],
    "front": [1844, 1860, 971, 998]
  },
  "crop_limits": {
    "side": [570, 1696, 280, 1050],
    "top": [340, 1530, 0, 1084],
    "front": [540, 1900, 180, 1084]
  },
  "yellow_led_roi_areas": {
    "side": [550, 650, 900, 1000],
    "top": [400, 500, 0, 100],
    "front": [1800, 1900, 900, 1050]
  },
  "yellow_led_rois": {
    "side": [591, 606, 921, 935],
    "top": [469, 483, 22, 37],
    "front": [1823, 1844, 973, 997]
  },
  "blue_led_roi_areas": {
    "side": [550, 650, 900, 1000],
    "top": [400, 500, 0, 100],
    "front": [1800, 1900, 900, 1050]
  },
  "origins": {
    "front": [665.9027205, 142.38619437],
    "side": [962.0556872, 332.10663507],
    "top": [561.51529513, 1041.53311381]
  },
  "table_corners": {
    "front": [[259.72311811, 185.50800148],[1070.69129685, 168.81568905],[1329.42213947, 757.2197021],[17.68458792, 741.91841571]],
    "side": [[877.93246445, 125.94549763],[1011.81872038, 727.84123223],[33.1457346, 653.19668246],[246.41587678, 79.73696682]],
    "top": [[1055.24336801, 1021.51711085],[76.12722349, 953.12910076],[99.47922693, 42.40096633],[1172.00338524, 132.47297963]]
  },
  "tocchini": {
    "front": [[432.2103465255124, 267.57853757616783],[526.8001169446668, 312.0913707145934],[660.3386163599434, 323.2195789991998],[792.4860897396443, 303.74521450113866],[896.813042407829, 256.4503292915615],[155.3961654459285, 615.3350464701175],[507.3257524466056, 622.2901766479965],[660.3386163599434, 616.7260725056933],[809.1784021665537, 622.2901766479965],[1176.4092755585646, 611.1619683633901]],
    "side": [[754.7097156398104, 215.9928909952606],[688.3590047393366, 268.1255924170616],[664.6623222748815, 346.324644549763],[696.6528436018957, 434.00236966824644],[786.7002369668248, 521.6800947867298],[342.38744075829374, 104.61848341232223],[305.65758293838854, 250.35308056872032],[294.9940758293838, 316.70379146919436],[270.11255924170604, 387.79383886255926],[213.24052132701416, 604.6184834123223]],
    "top": [[845.0753369852896, 841.3730842617099],[734.9873207361359, 744.6290699821506],[591.5392995629961, 702.9290638271681],[434.7472764202622, 722.9450667815597],[312.9832584477134, 801.3410783529267],[1080.2633716993905, 287.59700252354276],[760.0073244291254, 260.908998584354],[624.8993044869821, 244.22899612236097],[489.7912845448391, 232.5529943989659],[171.2032375207731, 215.872991936973]]
  }
}